{"stats":{"minecraft:killed_by":{"minecraft:skeleton":1},"minecraft:dropped":{"minecraft:birch_sapling":1,"minecraft:shield":1,"minecraft:melon_slice":14,"minecraft:golden_leggings":1},"minecraft:killed":{"minecraft:pig":1,"minecraft:skeleton":3,"minecraft:zombie":5,"minecraft:chicken":2},"minecraft:custom":{"minecraft:interact_with_furnace":1,"minecraft:mob_kills":11,"minecraft:interact_with_crafting_table":2,"minecraft:leave_game":1,"minecraft:time_since_death":858,"minecraft:climb_one_cm":755,"minecraft:time_since_rest":885,"minecraft:sprint_one_cm":33723,"minecraft:damage_taken":428,"minecraft:walk_one_cm":30502,"minecraft:damage_blocked_by_shield":298,"minecraft:drop":17,"minecraft:damage_dealt":2011,"minecraft:swim_one_cm":42415,"minecraft:fly_one_cm":33111,"minecraft:open_chest":6,"minecraft:crouch_one_cm":1373,"minecraft:play_time":21296,"minecraft:deaths":1,"minecraft:sneak_time":803,"minecraft:walk_under_water_one_cm":904,"minecraft:jump":244,"minecraft:walk_on_water_one_cm":1822,"minecraft:total_world_time":21296,"minecraft:fall_one_cm":5861},"minecraft:broken":{"minecraft:wooden_axe":1},"minecraft:mined":{"minecraft:kelp_plant":2,"minecraft:jungle_leaves":9,"minecraft:crafting_table":4,"minecraft:short_grass":1,"minecraft:melon":11,"minecraft:chest":1,"minecraft:jungle_log":10,"minecraft:tall_grass":1,"minecraft:kelp":4,"minecraft:sugar_cane":3,"minecraft:furnace":2,"minecraft:fire":1,"minecraft:oak_log":62,"minecraft:coal_ore":32,"minecraft:cocoa":1,"minecraft:vine":3,"minecraft:sand":2,"minecraft:stone":19,"minecraft:oak_leaves":20},"minecraft:used":{"minecraft:flint_and_steel":15,"minecraft:stone_pickaxe":44,"minecraft:wooden_pickaxe":10,"minecraft:shield":7,"minecraft:cooked_salmon":2,"minecraft:crafting_table":3,"minecraft:oak_log":4,"minecraft:wooden_axe":57,"minecraft:melon_slice":4,"minecraft:stone_axe":51,"minecraft:furnace":1},"minecraft:crafted":{"minecraft:oak_planks":76,"minecraft:crafting_table":1,"minecraft:wooden_pickaxe":1,"minecraft:stone_axe":1,"minecraft:shield":2,"minecraft:stick":16,"minecraft:iron_ingot":3,"minecraft:stone_pickaxe":1,"minecraft:wooden_axe":1},"minecraft:picked_up":{"minecraft:cocoa_beans":3,"minecraft:crafting_table":4,"minecraft:feather":2,"minecraft:chicken":1,"minecraft:jungle_log":10,"minecraft:flint":2,"minecraft:oak_log":62,"minecraft:cooked_salmon":2,"minecraft:bone":2,"minecraft:apple":1,"minecraft:kelp":11,"minecraft:jungle_sapling":1,"minecraft:bamboo":95,"minecraft:melon_slice":46,"minecraft:sugar_cane":4,"minecraft:chest":1,"minecraft:birch_sapling":1,"minecraft:oak_planks":2,"minecraft:furnace":2,"minecraft:stick":8,"minecraft:porkchop":1,"minecraft:arrow":5,"minecraft:rotten_flesh":4,"minecraft:oak_sapling":3,"minecraft:coal":32,"minecraft:cobblestone":19}},"DataVersion":3953}