{"stats":{"minecraft:custom":{"minecraft:interact_with_smithing_table":4,"minecraft:mob_kills":139,"minecraft:interact_with_crafting_table":66,"minecraft:open_barrel":3,"minecraft:leave_game":5,"minecraft:time_since_death":373612,"minecraft:climb_one_cm":6447,"minecraft:sprint_one_cm":709811,"minecraft:walk_one_cm":398093,"minecraft:damage_blocked_by_shield":1649,"minecraft:drop":90,"minecraft:play_time":373612,"minecraft:sneak_time":11424,"minecraft:walk_under_water_one_cm":17545,"minecraft:boat_one_cm":90830,"minecraft:jump":4876,"minecraft:interact_with_blast_furnace":31,"minecraft:walk_on_water_one_cm":40906,"minecraft:total_world_time":373612,"minecraft:interact_with_furnace":88,"minecraft:sleep_in_bed":4,"minecraft:time_since_rest":313030,"minecraft:damage_taken":3467,"minecraft:damage_dealt":24588,"minecraft:swim_one_cm":124085,"minecraft:fly_one_cm":1002028,"minecraft:open_chest":41,"minecraft:crouch_one_cm":29272,"minecraft:fall_one_cm":130666},"minecraft:broken":{"minecraft:stone_sword":1,"minecraft:stone_pickaxe":1,"minecraft:stone_axe":1,"minecraft:iron_sword":1,"minecraft:iron_pickaxe":1},"minecraft:picked_up":{"minecraft:wooden_axe":1,"minecraft:cocoa_beans":10,"minecraft:crafting_table":10,"minecraft:wheat":16,"minecraft:allium":23,"minecraft:chicken":8,"minecraft:smithing_table":1,"minecraft:diamond_sword":1,"minecraft:wooden_pickaxe":2,"minecraft:oak_trapdoor":3,"minecraft:string":58,"minecraft:cooked_salmon":3,"minecraft:beetroot":6,"minecraft:cobbled_deepslate":449,"minecraft:beef":3,"minecraft:iron_boots":1,"minecraft:furnace":7,"minecraft:sandstone":17,"minecraft:stick":27,"minecraft:raw_iron":87,"minecraft:torch":11,"minecraft:porkchop":9,"farmersdelight:tomato_seeds":58,"minecraft:carrot":39,"minecraft:redstone":43,"minecraft:stone_pressure_plate":1,"minecraft:arrow":14,"minecraft:rotten_flesh":43,"minecraft:beetroot_seeds":26,"farmersdelight:onion":21,"minecraft:diamond_boots":1,"minecraft:hay_block":55,"minecraft:obsidian":22,"minecraft:glow_berries":1,"minecraft:mutton":15,"minecraft:white_wool":12,"minecraft:cobblestone":60,"minecraft:feather":11,"farmersdelight:rice":24,"minecraft:glow_ink_sac":3,"minecraft:jungle_log":4,"minecraft:leather":6,"minecraft:potato":25,"minecraft:tuff":74,"minecraft:oak_log":73,"minecraft:yellow_bed":3,"minecraft:gunpowder":1,"minecraft:lapis_lazuli":16,"farmersdelight:tomato":9,"minecraft:dirt":12,"minecraft:orange_terracotta":1,"travelersbackpack:bookshelf":1,"minecraft:bone":23,"minecraft:kelp":128,"minecraft:bow":1,"minecraft:raw_gold":63,"minecraft:iron_ingot":1,"minecraft:cooked_chicken":7,"minecraft:diamond_helmet":1,"minecraft:bamboo":3,"minecraft:oak_planks":2,"minecraft:flowering_azalea":1,"minecraft:pumpkin":18,"minecraft:sweet_berries":40,"minecraft:axolotl_bucket":6,"minecraft:sand":32,"minecraft:spruce_sapling":1,"minecraft:blast_furnace":5,"minecraft:spider_eye":9,"minecraft:sugar":3,"minecraft:diamond":56,"minecraft:iron_helmet":1,"minecraft:granite":6,"minecraft:oak_sapling":2,"minecraft:coal":171,"minecraft:diamond_pickaxe":2},"minecraft:mined":{"minecraft:tuff":65,"minecraft:stone_pressure_plate":2,"minecraft:deepslate_diamond_ore":56,"farmersdelight:wild_carrots":42,"minecraft:obsidian":2,"minecraft:granite":18,"minecraft:allium":1,"minecraft:grass_block":4,"minecraft:jungle_log":4,"minecraft:spruce_leaves":10,"minecraft:kelp":2,"minecraft:sandstone":15,"minecraft:spawner":4,"minecraft:tall_seagrass":1,"minecraft:hay_block":38,"farmersdelight:wild_onions":26,"minecraft:oak_trapdoor":3,"minecraft:furnace":8,"farmersdelight:wild_rice":24,"minecraft:fire":1,"minecraft:iron_ore":70,"minecraft:cobbled_deepslate":2,"minecraft:andesite":1,"minecraft:pumpkin":19,"minecraft:gold_block":1,"minecraft:deepslate_iron_ore":19,"minecraft:bamboo":2,"minecraft:stone":301,"farmersdelight:wild_potatoes":26,"minecraft:deepslate_redstone_ore":44,"minecraft:cut_sandstone":1,"minecraft:kelp_plant":6,"minecraft:orange_terracotta":1,"minecraft:crafting_table":13,"minecraft:torch":4,"minecraft:short_grass":28,"minecraft:blast_furnace":5,"minecraft:dead_bush":20,"minecraft:tall_grass":10,"minecraft:copper_ore":2,"minecraft:deepslate_gold_ore":59,"minecraft:lapis_ore":2,"farmersdelight:wild_tomatoes":58,"minecraft:oak_planks":1,"minecraft:wall_torch":2,"farmersdelight:wild_beetroots":28,"minecraft:seagrass":4,"farmersdelight:sandy_shrub":11,"minecraft:birch_log":4,"minecraft:sweet_berry_bush":2,"minecraft:birch_leaves":4,"minecraft:yellow_bed":2,"minecraft:oak_log":73,"minecraft:coal_ore":135,"minecraft:cocoa":4,"minecraft:sunflower":8,"minecraft:gravel":1,"minecraft:sand":26,"minecraft:dirt":15,"minecraft:cobweb":42,"minecraft:gold_ore":4,"minecraft:fern":8,"minecraft:oak_leaves":9,"minecraft:deepslate":1005},"minecraft:used":{"minecraft:oak_trapdoor":4,"minecraft:stone_sword":133,"minecraft:shield":81,"minecraft:iron_sword":221,"minecraft:cooked_salmon":11,"minecraft:cooked_chicken":9,"minecraft:torch":233,"minecraft:dirt":11,"minecraft:carrot":9,"minecraft:tuff":7,"minecraft:lava_bucket":1,"minecraft:iron_axe":27,"minecraft:furnace":7,"minecraft:oak_sapling":2,"minecraft:cooked_beef":6,"minecraft:cobbled_deepslate":70,"minecraft:cooked_mutton":16,"minecraft:water_bucket":4,"minecraft:stone_pickaxe":132,"minecraft:oak_planks":2,"minecraft:wooden_pickaxe":6,"minecraft:crafting_table":11,"minecraft:blast_furnace":4,"minecraft:oak_log":11,"minecraft:diamond_pickaxe":1472,"travelersbackpack:bookshelf":2,"minecraft:bread":33,"minecraft:iron_pickaxe":232,"minecraft:stone_axe":110,"minecraft:diamond_sword":132,"minecraft:cobblestone":8,"travelersbackpack:standard":1,"minecraft:smithing_table":1,"minecraft:bucket":7,"minecraft:yellow_bed":1,"minecraft:oak_boat":1},"minecraft:crafted":{"minecraft:oak_planks":80,"minecraft:cooked_chicken":8,"minecraft:furnace":3,"minecraft:cooked_mutton":16,"minecraft:oak_trapdoor":2,"minecraft:glass":16,"travelersbackpack:white_sleeping_bag":1,"minecraft:iron_boots":2,"minecraft:diamond_leggings":1,"minecraft:iron_axe":1,"minecraft:stone_pickaxe":1,"minecraft:chest":1,"minecraft:wheat":327,"minecraft:cooked_beef":6,"minecraft:diamond_sword":1,"minecraft:cooked_porkchop":9,"minecraft:crafting_table":2,"minecraft:iron_helmet":1,"travelersbackpack:backpack_tank":2,"travelersbackpack:standard":2,"minecraft:wooden_pickaxe":1,"minecraft:iron_sword":1,"minecraft:smithing_table":1,"minecraft:cooked_salmon":8,"minecraft:bucket":2,"minecraft:stone_axe":1,"minecraft:bread":92,"minecraft:air":0,"minecraft:oak_boat":1,"minecraft:iron_chestplate":1,"minecraft:diamond_pickaxe":1,"minecraft:shield":2,"minecraft:stick":60,"minecraft:iron_ingot":68,"minecraft:iron_pickaxe":1,"minecraft:stone_sword":1,"minecraft:iron_leggings":1,"minecraft:gold_ingot":32,"minecraft:torch":180,"minecraft:diamond_chestplate":2},"minecraft:dropped":{"minecraft:bread":31,"minecraft:moss_block":1,"minecraft:glow_ink_sac":3,"minecraft:iron_helmet":1,"minecraft:cobblestone":20,"minecraft:granite":6,"minecraft:stick":3,"minecraft:dirt":1,"minecraft:torch":1,"minecraft:mutton":1,"minecraft:wooden_axe":1,"minecraft:axolotl_bucket":5,"minecraft:sand":8,"minecraft:string":1,"minecraft:spruce_sapling":1,"minecraft:bone":1,"minecraft:furnace":1,"minecraft:cooked_chicken":5,"minecraft:cobbled_deepslate":293,"minecraft:tuff":5,"minecraft:wheat":1,"minecraft:obsidian":22,"minecraft:beetroot":6,"minecraft:rotten_flesh":31,"minecraft:oak_planks":2,"minecraft:iron_boots":2,"minecraft:suspicious_stew":1,"minecraft:diamond_sword":1,"minecraft:hay_block":17,"minecraft:shield":1,"minecraft:gunpowder":1,"minecraft:allium":23,"minecraft:diamond_chestplate":1,"minecraft:diamond_pickaxe":1,"minecraft:iron_chestplate":1,"minecraft:yellow_bed":2,"minecraft:spider_eye":8,"minecraft:wooden_pickaxe":3,"minecraft:beef":1,"minecraft:arrow":3},"minecraft:killed":{"minecraft:cave_spider":7,"minecraft:witch":1,"minecraft:spider":13,"minecraft:phantom":4,"minecraft:skeleton":23,"minecraft:chicken":8,"minecraft:husk":5,"minecraft:pig":5,"minecraft:zombie_villager":1,"minecraft:creeper":9,"minecraft:sheep":13,"minecraft:zombie":43,"minecraft:cow":4}},"DataVersion":3953}