{"stats":{"minecraft:killed":{"minecraft:cave_spider":7,"minecraft:witch":1,"minecraft:spider":10,"minecraft:skeleton":13,"minecraft:chicken":8,"minecraft:pig":5,"minecraft:zombie_villager":1,"minecraft:creeper":7,"minecraft:sheep":13,"minecraft:zombie":41,"minecraft:cow":4},"minecraft:broken":{"minecraft:stone_sword":1,"minecraft:stone_pickaxe":1,"minecraft:stone_axe":1,"minecraft:iron_sword":1},"minecraft:crafted":{"minecraft:oak_planks":68,"minecraft:cooked_chicken":8,"minecraft:furnace":3,"minecraft:cooked_mutton":16,"minecraft:glass":16,"travelersbackpack:white_sleeping_bag":1,"minecraft:iron_boots":2,"minecraft:diamond_leggings":1,"minecraft:iron_axe":1,"minecraft:stone_pickaxe":1,"minecraft:chest":1,"minecraft:wheat":327,"minecraft:cooked_beef":6,"minecraft:diamond_sword":1,"minecraft:cooked_porkchop":9,"minecraft:crafting_table":1,"travelersbackpack:backpack_tank":2,"minecraft:iron_helmet":1,"minecraft:wooden_pickaxe":1,"travelersbackpack:standard":2,"minecraft:iron_sword":1,"minecraft:smithing_table":1,"minecraft:cooked_salmon":8,"minecraft:bucket":2,"minecraft:stone_axe":1,"minecraft:bread":92,"minecraft:air":0,"minecraft:oak_boat":1,"minecraft:iron_chestplate":1,"minecraft:diamond_pickaxe":1,"minecraft:shield":2,"minecraft:stick":60,"minecraft:iron_ingot":68,"minecraft:iron_pickaxe":1,"minecraft:stone_sword":1,"minecraft:iron_leggings":1,"minecraft:gold_ingot":32,"minecraft:torch":128,"minecraft:diamond_chestplate":2},"minecraft:used":{"minecraft:stone_sword":133,"minecraft:shield":61,"minecraft:iron_sword":221,"minecraft:cooked_salmon":11,"minecraft:cooked_chicken":9,"minecraft:torch":149,"minecraft:dirt":7,"minecraft:carrot":9,"minecraft:tuff":7,"minecraft:lava_bucket":1,"minecraft:iron_axe":7,"minecraft:furnace":7,"minecraft:oak_sapling":2,"minecraft:cooked_beef":6,"minecraft:cobbled_deepslate":13,"minecraft:cooked_mutton":16,"minecraft:water_bucket":2,"minecraft:stone_pickaxe":132,"minecraft:oak_planks":2,"minecraft:wooden_pickaxe":6,"minecraft:crafting_table":10,"minecraft:blast_furnace":4,"minecraft:oak_log":11,"minecraft:diamond_pickaxe":6,"minecraft:bread":6,"minecraft:iron_pickaxe":164,"minecraft:stone_axe":110,"minecraft:diamond_sword":32,"minecraft:cobblestone":8,"travelersbackpack:standard":1,"minecraft:smithing_table":1,"minecraft:bucket":5,"minecraft:yellow_bed":1,"minecraft:oak_boat":1},"minecraft:custom":{"minecraft:interact_with_smithing_table":4,"minecraft:mob_kills":112,"minecraft:interact_with_crafting_table":65,"minecraft:open_barrel":3,"minecraft:leave_game":3,"minecraft:time_since_death":133465,"minecraft:climb_one_cm":522,"minecraft:sprint_one_cm":455214,"minecraft:walk_one_cm":233919,"minecraft:damage_blocked_by_shield":989,"minecraft:drop":64,"minecraft:play_time":133465,"minecraft:sneak_time":2855,"minecraft:walk_under_water_one_cm":11606,"minecraft:boat_one_cm":90830,"minecraft:jump":2942,"minecraft:interact_with_blast_furnace":31,"minecraft:walk_on_water_one_cm":21636,"minecraft:total_world_time":133465,"minecraft:interact_with_furnace":88,"minecraft:sleep_in_bed":4,"minecraft:time_since_rest":72883,"minecraft:damage_taken":2799,"minecraft:damage_dealt":18442,"minecraft:swim_one_cm":76256,"minecraft:fly_one_cm":639141,"minecraft:open_chest":11,"minecraft:crouch_one_cm":6262,"minecraft:fall_one_cm":80024},"minecraft:dropped":{"minecraft:moss_block":1,"minecraft:glow_ink_sac":3,"minecraft:cobblestone":16,"minecraft:stick":2,"minecraft:dirt":1,"minecraft:mutton":1,"minecraft:wooden_axe":1,"minecraft:axolotl_bucket":5,"minecraft:sand":8,"minecraft:string":1,"minecraft:spruce_sapling":1,"minecraft:bone":1,"minecraft:furnace":1,"minecraft:cooked_chicken":5,"minecraft:cobbled_deepslate":12,"minecraft:wheat":1,"minecraft:obsidian":22,"minecraft:beetroot":6,"minecraft:rotten_flesh":31,"minecraft:iron_boots":1,"minecraft:suspicious_stew":1,"minecraft:hay_block":17,"minecraft:shield":1,"minecraft:gunpowder":1,"minecraft:diamond_chestplate":1,"minecraft:allium":23,"minecraft:diamond_pickaxe":1,"minecraft:iron_chestplate":1,"minecraft:yellow_bed":2,"minecraft:spider_eye":8,"minecraft:wooden_pickaxe":3,"minecraft:beef":1,"minecraft:arrow":3},"minecraft:mined":{"minecraft:deepslate_diamond_ore":30,"farmersdelight:wild_carrots":42,"minecraft:obsidian":2,"minecraft:allium":1,"minecraft:grass_block":1,"minecraft:spruce_leaves":10,"minecraft:kelp":2,"minecraft:spawner":3,"minecraft:hay_block":38,"farmersdelight:wild_onions":26,"minecraft:furnace":8,"farmersdelight:wild_rice":8,"minecraft:iron_ore":50,"minecraft:pumpkin":19,"minecraft:deepslate_iron_ore":13,"minecraft:stone":61,"farmersdelight:wild_potatoes":26,"minecraft:kelp_plant":6,"minecraft:crafting_table":12,"minecraft:torch":2,"minecraft:short_grass":24,"minecraft:blast_furnace":5,"minecraft:dead_bush":2,"minecraft:tall_grass":10,"minecraft:deepslate_gold_ore":22,"minecraft:oak_planks":1,"minecraft:wall_torch":2,"farmersdelight:wild_beetroots":28,"farmersdelight:sandy_shrub":11,"minecraft:sweet_berry_bush":2,"minecraft:birch_leaves":1,"minecraft:yellow_bed":2,"minecraft:coal_ore":80,"minecraft:oak_log":68,"minecraft:sunflower":8,"minecraft:gravel":1,"minecraft:sand":26,"minecraft:dirt":10,"minecraft:cobweb":42,"minecraft:oak_leaves":9,"minecraft:deepslate":16,"minecraft:fern":8},"minecraft:picked_up":{"minecraft:wooden_axe":1,"minecraft:crafting_table":9,"minecraft:allium":23,"minecraft:wheat":16,"minecraft:chicken":8,"minecraft:smithing_table":1,"minecraft:wooden_pickaxe":2,"minecraft:string":56,"minecraft:cooked_salmon":3,"minecraft:beetroot":6,"minecraft:cobbled_deepslate":25,"minecraft:beef":3,"minecraft:furnace":7,"minecraft:stick":3,"minecraft:raw_iron":63,"minecraft:torch":3,"minecraft:porkchop":9,"minecraft:carrot":39,"minecraft:arrow":10,"minecraft:rotten_flesh":35,"minecraft:beetroot_seeds":26,"farmersdelight:onion":21,"minecraft:hay_block":55,"minecraft:glow_berries":1,"minecraft:mutton":15,"minecraft:obsidian":22,"minecraft:white_wool":12,"minecraft:cobblestone":56,"minecraft:feather":11,"farmersdelight:rice":8,"minecraft:glow_ink_sac":3,"minecraft:leather":6,"minecraft:potato":25,"minecraft:tuff":7,"minecraft:oak_log":68,"minecraft:yellow_bed":3,"minecraft:gunpowder":1,"minecraft:dirt":8,"minecraft:bone":11,"minecraft:kelp":128,"minecraft:raw_gold":22,"minecraft:iron_ingot":1,"minecraft:cooked_chicken":7,"minecraft:flowering_azalea":1,"minecraft:pumpkin":18,"minecraft:sweet_berries":40,"minecraft:axolotl_bucket":5,"minecraft:sand":32,"minecraft:spruce_sapling":1,"minecraft:blast_furnace":5,"minecraft:spider_eye":8,"minecraft:sugar":3,"minecraft:diamond":30,"minecraft:oak_sapling":2,"minecraft:coal":117,"minecraft:diamond_pickaxe":2}},"DataVersion":3953}