{"stats":{"minecraft:custom":{"minecraft:interact_with_smithing_table":3,"minecraft:mob_kills":147,"minecraft:interact_with_crafting_table":57,"minecraft:open_barrel":3,"minecraft:leave_game":8,"minecraft:time_since_death":417013,"minecraft:climb_one_cm":5748,"minecraft:sprint_one_cm":741226,"minecraft:walk_one_cm":547937,"minecraft:damage_blocked_by_shield":1159,"minecraft:drop":62,"minecraft:play_time":417013,"minecraft:sneak_time":11680,"minecraft:walk_under_water_one_cm":44092,"minecraft:boat_one_cm":84663,"minecraft:jump":5077,"minecraft:interact_with_blast_furnace":14,"minecraft:walk_on_water_one_cm":46071,"minecraft:total_world_time":417013,"minecraft:interact_with_furnace":77,"minecraft:sleep_in_bed":2,"minecraft:time_since_rest":354824,"minecraft:damage_taken":2861,"minecraft:damage_dealt":20740,"minecraft:swim_one_cm":110132,"minecraft:fly_one_cm":961849,"minecraft:open_chest":40,"minecraft:crouch_one_cm":29381,"minecraft:fall_one_cm":137816,"minecraft:horse_one_cm":269411},"minecraft:broken":{"minecraft:stone_sword":1,"minecraft:stone_axe":1,"minecraft:iron_pickaxe":1},"minecraft:picked_up":{"minecraft:cocoa_beans":1,"minecraft:crafting_table":9,"minecraft:iron_chestplate":1,"minecraft:allium":28,"minecraft:chicken":2,"minecraft:suspicious_stew":1,"minecraft:shield":1,"minecraft:string":11,"travelersbackpack:diamond":2,"minecraft:beetroot":7,"minecraft:cobbled_deepslate":1224,"minecraft:spruce_planks":29,"minecraft:beef":4,"minecraft:oak_boat":4,"minecraft:jungle_sapling":1,"minecraft:chest":1,"minecraft:melon_slice":67,"minecraft:sugar_cane":47,"minecraft:birch_sapling":1,"minecraft:phantom_membrane":5,"minecraft:iron_boots":2,"minecraft:furnace":13,"minecraft:egg":3,"minecraft:stick":8,"minecraft:raw_iron":25,"minecraft:sandstone":2,"minecraft:torch":19,"minecraft:porkchop":19,"minecraft:diorite":2,"minecraft:carrot":9,"minecraft:redstone":196,"minecraft:stone_pressure_plate":1,"minecraft:arrow":24,"minecraft:diamond_chestplate":1,"minecraft:rotten_flesh":51,"minecraft:cooked_cod":2,"minecraft:tropical_fish":5,"minecraft:beetroot_seeds":3,"minecraft:peony":2,"minecraft:saddle":2,"minecraft:mutton":20,"minecraft:obsidian":38,"minecraft:cod":3,"minecraft:white_wool":13,"minecraft:cobblestone":95,"minecraft:birch_log":19,"minecraft:salmon":15,"minecraft:potato":1,"minecraft:flint":2,"minecraft:tuff":26,"minecraft:oak_log":11,"minecraft:dirt":30,"minecraft:orange_terracotta":2,"minecraft:bone":11,"minecraft:kelp":149,"minecraft:bow":1,"minecraft:wheat_seeds":13,"minecraft:raw_gold":33,"minecraft:iron_ingot":4,"minecraft:cooked_chicken":4,"minecraft:bamboo":8,"minecraft:flowering_azalea":2,"minecraft:pumpkin":2,"minecraft:axolotl_bucket":3,"minecraft:gravel":15,"minecraft:sand":5,"minecraft:spruce_sapling":2,"minecraft:white_bed":2,"minecraft:spruce_log":13,"minecraft:spider_eye":5,"minecraft:diamond":48,"minecraft:granite":5,"minecraft:bone_meal":1,"minecraft:golden_horse_armor":1,"minecraft:bread":31,"minecraft:oak_sapling":8,"minecraft:coal":212,"minecraft:sunflower":4,"minecraft:diamond_pickaxe":1},"minecraft:mined":{"minecraft:tuff":29,"minecraft:white_bed":2,"minecraft:deepslate_diamond_ore":48,"farmersdelight:wild_carrots":6,"minecraft:obsidian":27,"minecraft:granite":5,"minecraft:grass_block":1,"minecraft:spruce_leaves":7,"minecraft:kelp":4,"minecraft:sandstone":5,"minecraft:tall_seagrass":3,"minecraft:furnace":11,"minecraft:iron_ore":10,"minecraft:fire":18,"minecraft:cobbled_deepslate":11,"minecraft:peony":1,"minecraft:deepslate_iron_ore":12,"minecraft:bamboo":2,"minecraft:stone":91,"minecraft:podzol":1,"minecraft:smithing_table":1,"minecraft:deepslate_redstone_ore":42,"minecraft:flowering_azalea":1,"minecraft:kelp_plant":44,"minecraft:orange_terracotta":3,"minecraft:crafting_table":6,"minecraft:short_grass":119,"minecraft:melon":13,"minecraft:chest":1,"minecraft:cobblestone":3,"minecraft:tall_grass":18,"minecraft:deepslate_gold_ore":25,"farmersdelight:wild_tomatoes":2,"minecraft:sugar_cane":21,"minecraft:diorite":2,"minecraft:wall_torch":4,"farmersdelight:wild_beetroots":2,"minecraft:seagrass":1,"farmersdelight:sandy_shrub":2,"minecraft:birch_log":19,"minecraft:spruce_log":13,"minecraft:birch_leaves":4,"minecraft:oak_log":11,"minecraft:coal_ore":39,"minecraft:cocoa":1,"minecraft:sunflower":1,"minecraft:gravel":16,"minecraft:sand":3,"minecraft:dirt":11,"minecraft:gold_ore":8,"minecraft:oak_leaves":2,"minecraft:deepslate":1174,"minecraft:fern":6},"minecraft:used":{"minecraft:beetroot":1,"minecraft:stone_sword":142,"minecraft:flint_and_steel":5,"minecraft:stone_shovel":57,"minecraft:chest":2,"minecraft:spruce_planks":13,"minecraft:shield":37,"minecraft:iron_sword":190,"minecraft:cooked_salmon":4,"minecraft:rotten_flesh":1,"minecraft:torch":31,"minecraft:dirt":30,"minecraft:carrot":1,"minecraft:axolotl_bucket":1,"minecraft:wooden_axe":6,"minecraft:lava_bucket":1,"minecraft:birch_sapling":1,"minecraft:bow":15,"minecraft:furnace":15,"minecraft:cooked_cod":3,"minecraft:egg":3,"minecraft:cobbled_deepslate":339,"minecraft:cooked_mutton":18,"minecraft:water_bucket":32,"minecraft:diorite":2,"minecraft:birch_planks":1,"minecraft:stone_pickaxe":98,"minecraft:wooden_pickaxe":8,"minecraft:crafting_table":11,"minecraft:white_bed":2,"minecraft:spruce_log":2,"minecraft:diamond_pickaxe":1218,"minecraft:bread":29,"minecraft:melon_slice":7,"minecraft:iron_pickaxe":241,"minecraft:spruce_sapling":2,"minecraft:gravel":14,"minecraft:stone_axe":191,"minecraft:cobblestone":50,"minecraft:cooked_porkchop":10,"minecraft:bucket":37,"minecraft:oak_boat":4},"minecraft:crafted":{"minecraft:oak_planks":44,"minecraft:stone_shovel":1,"minecraft:spruce_button":1,"minecraft:cooked_chicken":1,"minecraft:furnace":3,"minecraft:bone_meal":33,"minecraft:cooked_mutton":18,"travelersbackpack:white_sleeping_bag":1,"minecraft:diamond_helmet":2,"minecraft:diamond_leggings":1,"minecraft:stone_pickaxe":1,"minecraft:chest":1,"minecraft:diamond_boots":2,"minecraft:cooked_cod":3,"minecraft:cooked_porkchop":11,"minecraft:crafting_table":3,"minecraft:spruce_planks":44,"minecraft:wooden_pickaxe":1,"minecraft:iron_helmet":1,"minecraft:iron_sword":1,"minecraft:cooked_salmon":7,"minecraft:bucket":2,"minecraft:birch_planks":76,"minecraft:stone_axe":2,"minecraft:air":0,"minecraft:diamond_pickaxe":2,"minecraft:stick":36,"minecraft:iron_ingot":11,"minecraft:wooden_axe":1,"minecraft:stone_sword":1,"minecraft:white_bed":1,"minecraft:torch":104},"minecraft:dropped":{"minecraft:bread":1,"minecraft:wheat_seeds":4,"minecraft:granite":5,"minecraft:spruce_button":1,"minecraft:saddle":1,"minecraft:tropical_fish":5,"minecraft:coal":27,"minecraft:flint":2,"minecraft:torch":14,"minecraft:wooden_axe":1,"minecraft:cooked_cod":2,"minecraft:cooked_salmon":3,"minecraft:diamond_helmet":1,"minecraft:jungle_sapling":1,"minecraft:pumpkin":1,"minecraft:axolotl_bucket":4,"minecraft:flowering_azalea":2,"minecraft:paper":5,"minecraft:white_wool":3,"minecraft:gravel":1,"minecraft:furnace":1,"travelersbackpack:diamond":1,"minecraft:cooked_chicken":5,"minecraft:cobbled_deepslate":129,"minecraft:cocoa_beans":1,"minecraft:obsidian":20,"minecraft:stone_shovel":1,"minecraft:beetroot":6,"minecraft:rotten_flesh":43,"minecraft:iron_boots":1,"minecraft:carrot":1,"minecraft:allium":28,"minecraft:peony":2,"minecraft:diamond_pickaxe":2,"minecraft:spider_eye":4,"minecraft:diamond_boots":1,"minecraft:bow":1,"minecraft:wooden_pickaxe":1},"minecraft:killed":{"minecraft:spider":17,"minecraft:cod":3,"minecraft:phantom":6,"minecraft:skeleton":26,"minecraft:chicken":2,"minecraft:drowned":1,"minecraft:husk":10,"minecraft:pig":9,"minecraft:zombie_villager":1,"minecraft:salmon":17,"minecraft:creeper":4,"minecraft:sheep":10,"minecraft:zombie":37,"minecraft:cow":3}},"DataVersion":3953}