{"stats":{"minecraft:killed":{"minecraft:spider":11,"minecraft:cod":3,"minecraft:skeleton":17,"minecraft:chicken":2,"minecraft:drowned":1,"minecraft:pig":8,"minecraft:salmon":17,"minecraft:creeper":2,"minecraft:sheep":10,"minecraft:zombie":29,"minecraft:cow":3},"minecraft:mined":{"minecraft:tuff":29,"minecraft:white_bed":2,"minecraft:deepslate_diamond_ore":48,"farmersdelight:wild_carrots":6,"minecraft:obsidian":27,"minecraft:granite":5,"minecraft:grass_block":1,"minecraft:spruce_leaves":7,"minecraft:kelp":4,"minecraft:tall_seagrass":3,"minecraft:furnace":11,"minecraft:cobbled_deepslate":8,"minecraft:iron_ore":10,"minecraft:fire":5,"minecraft:peony":1,"minecraft:deepslate_iron_ore":12,"minecraft:bamboo":1,"minecraft:stone":91,"minecraft:podzol":1,"minecraft:smithing_table":1,"minecraft:deepslate_redstone_ore":42,"minecraft:flowering_azalea":1,"minecraft:kelp_plant":44,"minecraft:crafting_table":6,"minecraft:short_grass":109,"minecraft:melon":7,"minecraft:chest":1,"minecraft:cobblestone":1,"minecraft:tall_grass":18,"minecraft:deepslate_gold_ore":25,"minecraft:diorite":2,"minecraft:wall_torch":4,"farmersdelight:wild_beetroots":2,"minecraft:seagrass":1,"farmersdelight:sandy_shrub":2,"minecraft:birch_log":19,"minecraft:spruce_log":13,"minecraft:coal_ore":39,"minecraft:oak_log":11,"minecraft:cocoa":1,"minecraft:sunflower":1,"minecraft:gravel":16,"minecraft:sand":3,"minecraft:dirt":11,"minecraft:gold_ore":8,"minecraft:oak_leaves":2,"minecraft:deepslate":1174,"minecraft:fern":2},"minecraft:dropped":{"minecraft:wheat_seeds":4,"minecraft:granite":5,"minecraft:spruce_button":1,"minecraft:tropical_fish":5,"minecraft:flint":2,"minecraft:wooden_axe":1,"minecraft:cooked_cod":2,"minecraft:cooked_salmon":3,"minecraft:jungle_sapling":1,"minecraft:pumpkin":1,"minecraft:axolotl_bucket":4,"minecraft:flowering_azalea":2,"minecraft:paper":5,"minecraft:white_wool":3,"minecraft:gravel":1,"minecraft:furnace":1,"travelersbackpack:diamond":1,"minecraft:cooked_chicken":5,"minecraft:cobbled_deepslate":129,"minecraft:obsidian":20,"minecraft:stone_shovel":1,"minecraft:beetroot":6,"minecraft:rotten_flesh":43,"minecraft:carrot":1,"minecraft:allium":28,"minecraft:peony":2,"minecraft:diamond_pickaxe":2,"minecraft:spider_eye":4,"minecraft:bow":1,"minecraft:wooden_pickaxe":1},"minecraft:custom":{"minecraft:interact_with_smithing_table":3,"minecraft:mob_kills":103,"minecraft:interact_with_crafting_table":57,"minecraft:open_barrel":3,"minecraft:leave_game":5,"minecraft:time_since_death":274615,"minecraft:climb_one_cm":1948,"minecraft:sprint_one_cm":511433,"minecraft:walk_one_cm":417465,"minecraft:damage_blocked_by_shield":971,"minecraft:drop":54,"minecraft:play_time":274615,"minecraft:sneak_time":10315,"minecraft:walk_under_water_one_cm":29060,"minecraft:boat_one_cm":84663,"minecraft:jump":3760,"minecraft:interact_with_blast_furnace":14,"minecraft:walk_on_water_one_cm":26425,"minecraft:total_world_time":274615,"minecraft:interact_with_furnace":77,"minecraft:sleep_in_bed":2,"minecraft:time_since_rest":212426,"minecraft:damage_taken":1961,"minecraft:damage_dealt":13038,"minecraft:swim_one_cm":72694,"minecraft:fly_one_cm":690701,"minecraft:open_chest":22,"minecraft:crouch_one_cm":25778,"minecraft:fall_one_cm":99394},"minecraft:used":{"minecraft:beetroot":1,"minecraft:stone_sword":142,"minecraft:flint_and_steel":5,"minecraft:stone_shovel":57,"minecraft:chest":2,"minecraft:spruce_planks":13,"minecraft:shield":31,"minecraft:iron_sword":38,"minecraft:cooked_salmon":4,"minecraft:rotten_flesh":1,"minecraft:torch":28,"minecraft:dirt":30,"minecraft:carrot":1,"minecraft:axolotl_bucket":1,"minecraft:wooden_axe":6,"minecraft:lava_bucket":1,"minecraft:birch_sapling":1,"minecraft:bow":15,"minecraft:furnace":15,"minecraft:cooked_cod":3,"minecraft:egg":3,"minecraft:cobbled_deepslate":189,"minecraft:cooked_mutton":18,"minecraft:water_bucket":14,"minecraft:diorite":2,"minecraft:birch_planks":1,"minecraft:stone_pickaxe":98,"minecraft:wooden_pickaxe":8,"minecraft:crafting_table":11,"minecraft:white_bed":2,"minecraft:spruce_log":2,"minecraft:diamond_pickaxe":1205,"minecraft:bread":4,"minecraft:iron_pickaxe":241,"minecraft:spruce_sapling":2,"minecraft:gravel":14,"minecraft:stone_axe":162,"minecraft:cobblestone":43,"minecraft:cooked_porkchop":10,"minecraft:bucket":19,"minecraft:oak_boat":3},"minecraft:picked_up":{"minecraft:cocoa_beans":1,"minecraft:crafting_table":9,"minecraft:iron_chestplate":1,"minecraft:allium":28,"minecraft:chicken":2,"minecraft:suspicious_stew":1,"minecraft:shield":1,"minecraft:string":8,"travelersbackpack:diamond":2,"minecraft:beetroot":7,"minecraft:cobbled_deepslate":1156,"minecraft:spruce_planks":29,"minecraft:beef":4,"minecraft:oak_boat":4,"minecraft:jungle_sapling":1,"minecraft:melon_slice":34,"minecraft:chest":1,"minecraft:birch_sapling":1,"minecraft:furnace":13,"minecraft:iron_boots":1,"minecraft:egg":3,"minecraft:stick":8,"minecraft:raw_iron":25,"minecraft:torch":4,"minecraft:porkchop":19,"minecraft:diorite":2,"minecraft:carrot":9,"minecraft:redstone":196,"minecraft:diamond_chestplate":1,"minecraft:arrow":21,"minecraft:rotten_flesh":44,"minecraft:cooked_cod":2,"minecraft:tropical_fish":5,"minecraft:beetroot_seeds":3,"minecraft:peony":2,"minecraft:mutton":20,"minecraft:obsidian":38,"minecraft:cod":3,"minecraft:white_wool":13,"minecraft:cobblestone":93,"minecraft:birch_log":19,"minecraft:salmon":15,"minecraft:potato":1,"minecraft:flint":2,"minecraft:tuff":26,"minecraft:oak_log":11,"minecraft:dirt":30,"minecraft:bone":11,"minecraft:kelp":149,"minecraft:bow":1,"minecraft:wheat_seeds":13,"minecraft:raw_gold":33,"minecraft:iron_ingot":4,"minecraft:cooked_chicken":4,"minecraft:bamboo":8,"minecraft:flowering_azalea":2,"minecraft:pumpkin":2,"minecraft:axolotl_bucket":3,"minecraft:gravel":15,"minecraft:sand":5,"minecraft:spruce_sapling":2,"minecraft:white_bed":2,"minecraft:spruce_log":13,"minecraft:spider_eye":5,"minecraft:diamond":48,"minecraft:granite":5,"minecraft:bone_meal":1,"minecraft:bread":31,"minecraft:oak_sapling":7,"minecraft:coal":97,"minecraft:sunflower":4,"minecraft:diamond_pickaxe":1},"minecraft:broken":{"minecraft:stone_sword":1,"minecraft:stone_axe":1,"minecraft:iron_pickaxe":1},"minecraft:crafted":{"minecraft:oak_planks":44,"minecraft:stone_shovel":1,"minecraft:spruce_button":1,"minecraft:cooked_chicken":1,"minecraft:furnace":3,"minecraft:bone_meal":33,"minecraft:cooked_mutton":18,"travelersbackpack:white_sleeping_bag":1,"minecraft:diamond_helmet":2,"minecraft:diamond_leggings":1,"minecraft:stone_pickaxe":1,"minecraft:chest":1,"minecraft:diamond_boots":2,"minecraft:cooked_cod":3,"minecraft:cooked_porkchop":11,"minecraft:crafting_table":3,"minecraft:spruce_planks":44,"minecraft:wooden_pickaxe":1,"minecraft:iron_helmet":1,"minecraft:iron_sword":1,"minecraft:cooked_salmon":7,"minecraft:bucket":2,"minecraft:birch_planks":76,"minecraft:stone_axe":2,"minecraft:air":0,"minecraft:diamond_pickaxe":2,"minecraft:stick":36,"minecraft:iron_ingot":11,"minecraft:wooden_axe":1,"minecraft:stone_sword":1,"minecraft:white_bed":1,"minecraft:torch":24}},"DataVersion":3953}