{"stats":{"minecraft:killed_by":{"minecraft:skeleton":1},"minecraft:dropped":{"minecraft:cooked_salmon":2},"minecraft:killed":{"minecraft:skeleton":1,"minecraft:zombie":2,"minecraft:salmon":4,"minecraft:cod":2,"minecraft:tropical_fish":8},"minecraft:custom":{"minecraft:time_since_rest":1323,"minecraft:interact_with_furnace":4,"minecraft:sprint_one_cm":38221,"minecraft:damage_taken":470,"minecraft:walk_one_cm":37637,"minecraft:damage_blocked_by_shield":87,"minecraft:mob_kills":17,"minecraft:drop":2,"minecraft:damage_dealt":1183,"minecraft:interact_with_crafting_table":4,"minecraft:swim_one_cm":31682,"minecraft:fly_one_cm":45714,"minecraft:open_chest":2,"minecraft:crouch_one_cm":318,"minecraft:deaths":1,"minecraft:play_time":21400,"minecraft:sneak_time":285,"minecraft:walk_under_water_one_cm":8217,"minecraft:jump":340,"minecraft:leave_game":1,"minecraft:walk_on_water_one_cm":3929,"minecraft:time_since_death":1285,"minecraft:climb_one_cm":420,"minecraft:total_world_time":21400,"minecraft:fall_one_cm":6489},"minecraft:mined":{"minecraft:furnace":1,"minecraft:birch_log":13,"minecraft:fire":10,"minecraft:andesite":17,"minecraft:dandelion":2,"minecraft:crafting_table":1,"minecraft:short_grass":23,"minecraft:grass_block":3,"minecraft:oak_log":6,"minecraft:dirt":5,"minecraft:tall_grass":21,"minecraft:stone":14,"minecraft:fern":1},"minecraft:broken":{"minecraft:wooden_axe":1},"minecraft:used":{"minecraft:wooden_axe":38,"minecraft:tropical_fish":6,"minecraft:melon_slice":4,"minecraft:stone_pickaxe":14,"minecraft:shield":2,"minecraft:wooden_pickaxe":18,"minecraft:cooked_salmon":2,"minecraft:rotten_flesh":2,"minecraft:stone_axe":4,"minecraft:crafting_table":2,"minecraft:furnace":2},"minecraft:crafted":{"minecraft:oak_planks":24,"minecraft:crafting_table":1,"minecraft:stick":12,"minecraft:wooden_pickaxe":1,"minecraft:stone_pickaxe":1,"minecraft:wooden_axe":1,"minecraft:furnace":1,"minecraft:cooked_salmon":4,"minecraft:birch_planks":16,"minecraft:stone_axe":1,"minecraft:air":0},"minecraft:picked_up":{"minecraft:birch_log":13,"minecraft:stick":3,"minecraft:crafting_table":1,"minecraft:chicken":1,"minecraft:salmon":4,"minecraft:andesite":17,"minecraft:golden_leggings":1,"minecraft:dandelion":1,"minecraft:oak_log":7,"minecraft:shield":1,"minecraft:dirt":14,"minecraft:bone":1,"minecraft:arrow":1,"minecraft:rotten_flesh":4,"minecraft:tropical_fish":6,"minecraft:wheat_seeds":5,"minecraft:netherrack":1,"minecraft:bamboo":80,"minecraft:oak_sapling":7,"minecraft:melon_slice":18,"minecraft:sugar_cane":2,"minecraft:birch_sapling":1,"minecraft:cobblestone":14,"minecraft:furnace":1}},"DataVersion":3953}